INSERT INTO tender.cte (cte_id, cte_type, name, ram, hdd, resolution, generation) VALUES
    (19164644, 'ноутбуки', 'Ноутбук HP Elitebook 840 G5 (3JX27EA)', 8, 256, '1920х1080', 5),
    (20597172, 'ноутбуки', 'Ноутбук HP', 16, 1024, '1920x1260', 2),
    (20191058, 'ноутбуки', 'Ноутбук HP 250 G6', 16, 2048, '1920x1260', 1),
    (21129020, 'ноутбуки', 'Ноутбук HP G7', 8, 1024, '1920x1280', 7),
    (18561409, 'ноутбуки', 'Ноутбук HP', 8, 512, '1366x986', 3),
    (20973263, 'ноутбуки', 'Ноутбук HP 15-bc434ur', 16, 512, '1800x900', 4),
    (17014809, 'ноутбуки', 'Ноутбук HP 15-bs151ur черный', 32, 512, '1800x900', 4);

INSERT INTO tender.offers (cte_id, price, discount, vendor_id, dicount_goods) VALUES
    (19164644, 28999, 0.05, 75435, 30),
    (20597172, 26999, 0.05, 76546, 54),
    (20597172, 25599, 0.05, 75417, 27),
    (20191058, 24999, 0.05, 86548, 55),
    (21129020, 34999, 0.05, 45439, 30),
    (18561409, 33999, 0.05, 36540, 65),
    (20973263, 34000, 0.05, 56541, 54),
    (17014809, 34000, 0.05, 56542, 54);

INSERT INTO tender.orders (cte_id, count_goods, start_time, stop_time, end_time_order, cooperative_id, status) VALUES
    (20191058, 25, 1579978132552, 1579978142552, 1579978192552, null, 'ACTIVE'),
    (21129020, 24, 1579978135552, 1579978195552, 1579979195552, 1, 'ACTIVE'),
    (21129020, 14, 1579978135552, 1579978195552, 1579979195552, 1, 'ACTIVE'),
    (20973263, 20, 1579178132552, 1579178162582, 1579178462582, null, 'COMPLETE'),
    (17014809, 15, 1579958132552, 1579958232552, 1579958732552, 3, 'COMPLETE'),
    (17014809, 17, 1579978332552, 1579978532552, 1579958732552, 3, 'COMPLETE');